Description,Address
vri clear camera line of sight,"600 n patterson park ave, baltimore, md, 21205"
vri clear camera line of sight,"2301 e monument st, baltimore, md, 21205"
vri clear camera line of sight,"2056 harford rd, baltimore, md, 21218"
vri clear camera line of sight,"713 e preston st, baltimore, md, 21202"
vri clear camera line of sight,"2056 harford rd, baltimore, md, 21218"
vri clear camera line of sight,"2100 harford road, baltimore, md, 21218"
vri clear camera line of sight,"2100 harford road, baltimore, md, 21218"
vri clear camera line of sight,"50 market pl, baltimore, md, 21202"
vri clear camera line of sight,"3001 east drive, baltimore, md 21217"
vri clear camera line of sight,"3001 east drive, baltimore, md 21217"
vri clear camera line of sight,"3001 east drive, baltimore, md 21217"
vri clear camera line of sight,"2718 w north ave, baltimore, md 21216"
vri clear camera line of sight,"2718 w north ave, baltimore, md 21216"
vri clear camera line of sight,"2718 w north ave, baltimore, md 21216"
vri clear camera line of sight,"2718 w north ave, baltimore, md 21216"
vri clear camera line of sight,"2718 w north ave, baltimore, md, 21216"
vri clear camera line of sight,"2120 harford road, baltimore, md, 21218"
vri clear camera line of sight,"2122 harford road, baltimore, md, 21218"
vri clear camera line of sight,"2124 harford road, baltimore, md, 21218"
vri clear camera line of sight,"2128 harford road, baltimore, md, 21218"
vri clear camera line of sight,"2136 harford road, baltimore, md, 21218"
vri clear camera line of sight,"2140 harford road, baltimore, md, 21218"
vri clear camera line of sight,"2140 e north ave, baltimore, md, 21217"
vri clear camera line of sight,"2140 e north ave, baltimore, md, 21217"
vri clear camera line of sight,"2140 e north ave, baltimore, md, 21217"
vri clear camera line of sight,"2662 w north ave, baltimore, md, 21216"
vri clear camera line of sight,"2662 w north ave, baltimore, md, 21216"
vri clear camera line of sight,"2662 w north ave, baltimore, md, 21216"
vri clear camera line of sight,"2662 w north ave, baltimore, md, 21216"
vri clear camera line of sight,"1221 n dukeland st, baltimore, md, 21216"
vri clear camera line of sight,"1606 poplar grove st, baltimore, md, 21216"
vri clear camera line of sight,"1612 poplar grove st, baltimore, md, 21216"
vri clear camera line of sight,"1630 poplar grove st, baltimore, md, 21216"
vri clear camera line of sight,"1625 poplar grove st, baltimore, md, 21216"
vri clear camera line of sight,"1629 poplar grove st, baltimore, md, 21216"
vri clear camera line of sight,"1023 poplar grove st, baltimore, md, 21216"
vri clear camera line of sight,"800 poplar grove st, baltimore, md, 21216"
vri clear camera line of sight,"2955 brighton st, baltimore, md, 21216"
vri clear camera line of sight,"3001 brighton st, baltimore, md, 21216"
vri clear camera line of sight,"3001 brighton st, baltimore, md, 21216"
vri clear camera line of sight,"3600 edmondson ave, baltimore, md, 21229"
vri clear camera line of sight,"3600 edmondson ave, baltimore, md, 21229"
vri clear camera line of sight,"2849 w north ave, baltimore, md, 21216"
vri clear camera line of sight,"2843 w north ave, baltimore, md, 21216"
vri clear camera line of sight,"3114 normount ave, baltimore, md, 21216"
vri clear camera line of sight,"515 denison st, baltimore, md, 21229"
vri clear camera line of sight,"521 denison st, baltimore, md, 21229"
vri clear camera line of sight,"3001 east drive, baltimore, md 21217"
vri clear camera line of sight,"1504 n rosedale st, baltimore, md, 21216"
vri clear camera line of sight,"3003 w north ave, baltimore, md, 21216"
vri clear camera line of sight,"3003 w north ave, baltimore, md, 21216"
vri clear camera line of sight,"3003 w north ave, baltimore, md, 21216"
vri clear camera line of sight,"3003 w north ave, baltimore, md, 21216"
vri clear camera line of sight,"3003 w north ave, baltimore, md, 21216"
vri clear camera line of sight,"2015 n smallwood st, baltimore, md, 21216"
vri clear camera line of sight,"1835 walbrook ave, baltimore, md, 21217"
vri clear camera line of sight,"1833 walbrook ave, baltimore, md, 21217"
vri clear camera line of sight,"1924 n fulton ave, baltimore, md, 21217"
vri clear camera line of sight,"1920 n fulton ave, baltimore, md, 21217"
vri clear camera line of sight,"1928 n fulton ave, baltimore, md, 21217"
vri clear camera line of sight,"2411 woodbrook ave, baltimore, md, 21217"
vri clear camera line of sight,"2414 woodbrook ave, baltimore, md, 21217"
vri clear camera line of sight,"2468 greenmount ave, baltimore, md 21218"
vri clear camera line of sight,"2462 greenmount ave, baltimore, md 21218"
vri clear camera line of sight,"2458 greenmount ave, baltimore, md 21218"
vri clear camera line of sight,"2452 greenmount ave, baltimore, md 21218"
vri clear camera line of sight,"508 e north ave, baltimore, md, 21202"
vri clear camera line of sight,"4601 liberty heights ave, baltimore, md 21207"
vri clear camera line of sight,"325 w centre st, baltimore city, 21201"
vri clear camera line of sight,"628 n eutaw st, baltimore city, 21201"
vri clear camera line of sight,"638 murphy ln, baltimore city, 21201, 21201"
vri clear camera line of sight,"901 myrtle ave, baltimore city, 21201, 21201"
vri clear camera line of sight,"4670 park heights ave, baltimore city, 21215, 21215"
vri clear camera line of sight,"111 n calvert st, baltimore city, 21202, 21202"
vri clear camera line of sight,"111 n calvert st, baltimore city, 21202, 21202"
vri clear camera line of sight,"4401 reisterstown rd, baltimore city, 21215, 21215"
vri clear camera line of sight,"4401 reisterstown rd, baltimore city, 21215, 21215"
vri clear camera line of sight,"4401 reisterstown rd, baltimore city, 21215, 21215"
vri clear camera line of sight,"4710 park heights ave, baltimore city, 21215, 21215"
vri clear camera line of sight,"4707 liberty heights ave, baltimore city, 21207, 21207"
vri clear camera line of sight,"319 w monument st, baltimore city, 21201, 21201"
vri clear camera line of sight,"2200 homewood ave, baltimore city, 21218, 21218"
vri tree removal,"5603 merville ave, baltimore, md 21215"
vri tree removal,"703 e preston st, baltimore, md, 21202"
vri tree removal,"1200 myrtle ave, baltimore, md 21217"
vri tree removal,"722 n carrollton ave, baltimore, md 21217"
vri tree removal,"3025 shannon dr, baltimore, md 21213"
vri tree removal,"4224 parkside dr, baltimore, md 21206"
vri tree removal,"2313 n monroe st, baltimore, md 21217"
vri tree removal,"1326 division st, baltimore, md, 21217"
vri tree removal,"2826 westwood ave, baltimore, md, 21216"
vri tree removal,"2826 westwood ave, baltimore, md, 21216"
vri tree removal,"2402 francis st, baltimore, md, 21217"
vri tree removal,"114 w saratoga st, baltimore, md, 21201"
